Abbrev,Conference,Division,Season End,Points,Corsi Close,Fenwick Close,G% Down 1,G For Down 1,G Agnst Down 1,G% Tied,G For Tied,G Agnst Tied,G% Up 1,G For Up 1,G Agnst Up 1,S% Down 1,S For Down 1,S Agnst Down 1,S% Tied,S For Tied,S Agnst Tied,S% Up 1,S For Up 1,S Agnst Up 1,M% Down 1,M For Down 1,M Agnst Down 1,M% Tied,M For Tied,M Agnst Tied,M% Up 1,M For Up 1,M Agnst Up 1,B% Down 1,B For Down 1,B Agnst Down 1,B% Tied,B For Tied,B Agnst Tied,B% Up 1,B For Up 1,B Agnst Up 1
0,1,3,2018,69,47.88,48.3,53.06,26,23,52.87,46,41,61.7,29,18,52.78,218,195,50.49,515,505,46.06,269,315,53.71,94,81,50.23,215,213,45.82,137,162,55.98,117,92,49.03,253,263,41.94,130,180
1,1,3,2018,44,47.44,45.97,48.89,22,23,49.47,47,48,38.3,18,29,55.01,302,247,47.4,546,606,41.17,226,323,54.9,140,115,44.48,274,342,37.22,99,167,55,165,135,53.78,349,300,45.57,149,178
2,0,0,2018,82,52.4,52.1,54.9,28,23,53.85,49,42,60.87,28,18,56.95,258,195,52.38,595,541,49.23,225,232,62.63,124,74,52.62,241,217,47.2,101,113,63.79,148,84,51.66,280,262,47.83,121,132
3,0,0,2018,45,47.17,46.89,33.87,21,41,39.76,33,50,52.78,19,17,50.07,338,337,49.08,509,528,40.8,153,222,51.39,148,140,46.49,179,206,39.16,56,87,58.65,183,129,43.22,185,243,37.97,71,116
4,0,2,2018,64,54.69,54.27,51.02,25,24,51.43,54,51,39.66,23,35,60.87,280,180,51.91,584,541,47.67,276,303,63.59,131,75,56.31,281,218,51.98,131,121,61.73,171,106,58.14,318,229,51.97,145,134
5,0,2,2018,65,51.33,52.6,48.84,21,22,51.61,48,45,54.39,31,26,60.13,288,191,51.51,579,545,43.26,260,341,60.44,110,72,54.42,240,201,45.99,109,128,55.76,150,119,48.91,246,257,36.75,111,191
6,1,3,2018,69,51.65,51.04,50.94,27,26,47.19,42,47,47.62,20,22,56,266,209,54.23,571,482,46.95,262,296,55.75,126,100,55.85,296,234,47.13,123,138,60.24,150,99,51.69,290,271,47.2,135,151
7,1,1,2018,58,52.49,50.46,41.3,19,27,50.54,47,46,40,20,30,55.95,235,185,49.7,580,587,47.26,259,289,64.08,91,51,45.82,203,240,51.76,103,96,58.91,152,106,55.4,364,293,50.99,154,148
8,1,1,2018,69,47.52,46.75,37.5,15,25,53.57,45,39,55.77,29,23,53.32,265,232,46.23,497,578,43.83,270,346,52.45,107,97,45.24,195,236,50.9,113,109,56.03,172,135,47.02,260,293,49.38,159,163
9,1,1,2018,72,51.31,51.29,54.35,25,21,50,42,42,51.16,22,21,57.11,277,208,52.63,560,504,43.71,198,255,56.9,132,100,52.62,231,208,44.51,81,101,58.55,178,126,52.39,329,299,44.76,128,158
10,0,0,2018,58,48.23,48.96,42.86,24,32,40.45,36,53,51.06,24,23,52.05,318,293,49.13,506,524,47.36,215,239,52.09,137,126,52.13,220,202,42.7,79,106,52.85,176,157,46.74,222,253,40.79,93,135
11,1,3,2018,54,51.8,52.47,45.45,25,30,50.55,46,45,52.46,32,29,49.93,346,347,49.5,546,557,51.11,230,220,58.13,168,121,50.55,228,223,45.74,86,102,50.82,187,181,47.84,255,278,45.5,101,121
12,0,0,2018,64,49.47,50.36,48.84,21,22,57.29,55,41,45.31,29,35,57.23,293,219,50.72,596,579,45.41,302,363,55.29,115,93,49.89,227,228,45.92,135,159,58.23,138,99,44.86,227,279,37.58,124,206
13,1,3,2018,71,51.74,50.58,52.83,28,25,45.05,41,50,65,26,14,54.47,280,234,50.85,479,463,45.08,206,251,54.55,150,125,49.03,228,237,44.56,86,107,60.14,172,114,50.19,260,258,50.57,133,130
14,1,1,2018,73,46.42,47.32,50,20,20,51.14,45,43,62.26,33,20,53.05,209,185,49.79,473,477,47.69,279,306,48.02,85,92,39.04,155,242,41.27,104,148,48.5,97,103,43.44,225,293,39.31,114,176
15,0,0,2018,54,50.91,51.11,43.75,21,27,46.99,39,44,45,18,22,53.33,296,259,48.12,564,608,45.41,193,232,48,96,104,49.69,239,242,48.57,85,90,53.24,156,137,51.88,345,320,39.62,105,160
16,0,2,2018,70,49.13,49.78,49.06,26,27,45.36,44,53,50,24,24,58.56,390,276,49.81,514,518,44.73,212,262,51.8,144,134,43.98,179,228,42.29,85,116,55.07,163,133,48,216,234,38.39,81,130
17,1,1,2018,83,51.27,51.43,61.36,27,17,61.29,57,36,52.54,31,28,57.31,286,213,50.34,595,587,42.49,263,356,60.71,119,77,58.48,269,191,43.8,113,145,61.83,149,92,53.65,316,273,42.14,142,195
18,0,2,2018,64,46.91,46.24,36.51,23,40,47.17,50,56,39.58,19,29,50.63,281,274,48.21,470,505,39.83,229,346,47.21,110,123,42.97,165,219,41.26,85,121,51.63,158,148,49.59,243,247,37.93,99,162
19,0,2,2018,59,45.72,46.17,42.42,28,38,42.42,42,57,35,14,26,49.26,367,378,44.12,488,618,37.1,164,278,48.46,126,134,45.84,193,228,36.42,63,110,50.75,170,165,45.45,230,276,37.05,83,141
20,0,0,2018,52,47.02,48.24,45,27,33,40.82,40,58,47.62,20,22,52.26,393,359,45.6,456,544,42.53,188,254,51.48,157,148,47.07,201,226,37.43,64,107,54.63,230,191,41.28,232,330,37.56,80,133
21,0,2,2018,72,48.82,49.23,58,29,21,54,54,46,52.46,32,29,54.16,228,193,49.96,614,615,48.43,246,262,51.67,93,87,49.21,282,291,41.67,90,126,52.99,133,118,48.43,308,328,36.43,102,178
22,0,2,2018,72,52.13,52.59,50.88,29,28,50.48,53,52,54.39,31,26,57.88,279,203,56,607,477,47.71,250,274,56.4,97,75,52.79,227,203,50.77,99,96,59.21,135,93,52.12,271,249,45.28,120,145
23,1,3,2018,74,52.45,52.87,53.45,31,27,43.43,43,56,49.09,27,28,53.32,313,274,52.52,573,518,47.15,232,260,57.87,136,99,53.37,269,235,45.34,107,129,54.92,173,142,50.29,341,337,42.49,133,180
24,1,1,2018,72,51.85,53.31,32.43,12,25,56.63,47,36,51.06,24,23,52.62,251,226,53.75,545,469,47.08,274,308,56.45,105,81,56.5,226,174,43.62,106,137,53.79,149,128,49.58,294,299,45.77,157,186
25,0,0,2018,83,53.27,53.47,59.26,32,22,53.57,45,39,70,35,15,59.02,324,225,51.56,512,481,48.66,218,230,53.6,119,103,57.07,210,158,55.29,94,76,60.08,146,97,52.73,270,242,51.23,125,119
26,0,0,2018,75,48.61,46.86,59.09,26,18,49.44,44,45,52.73,29,26,55.15,257,209,45.17,505,613,45.59,253,302,60.79,138,89,46.83,229,260,43.1,103,136,67.14,143,70,56.14,297,232,43.46,123,160
27,1,3,2018,53,48.41,47.96,45.9,28,33,41.76,38,53,45.71,16,19,54.46,366,306,47.25,429,479,43.44,169,220,51.75,133,124,50.12,202,201,43.05,65,86,53.28,187,164,46.26,210,244,38.98,69,108
28,1,3,2018,84,52.58,52.93,64.44,29,16,54.55,54,45,44.26,27,34,52.95,260,231,53.58,659,571,44.75,247,305,56.96,131,99,51.42,254,240,45.75,97,115,60.85,157,101,54.11,329,279,45.83,121,143
29,1,1,2018,79,50.63,51.08,54.55,24,20,60.71,51,33,61.4,35,22,60.92,212,136,51.09,491,470,50.7,325,316,54.79,80,66,48.16,196,211,54.61,166,138,56.9,99,75,52.22,271,248,49.54,160,163
30,0,2,2018,75,47.36,45.94,57.78,26,19,56.86,58,44,55.36,31,25,51.44,179,169,46.38,467,540,45.34,248,299,51.98,105,97,50.78,261,253,41.67,125,175,58.85,123,86,48.11,254,274,44.72,144,178
